Clase,Pieza,Superficie_1,Superficie_2,Tamanio_cavidad_mm,Estado_cavidad,Tecnica,Tipo_resina,Indice_contraccion_%,Peso_resina_inicial_mg,Peso_sobrante_mg,Margen_cavo_mm,Ajuste_margen
VI,25,Incisal,ninguna,2.37,limpia,Estratificacion,Compuesta,2.0,79.62,14.71,1.8,Subobturado
VI,25,Incisal,ninguna,2.27,limpia,Estratificacion,Compuesta,2.0,63.37,7.02,2.73,Sobreobturado
VI,6,Incisal,ninguna,3.53,limpia,Bulk,Compuesta,2.0,78.65,11.06,2.64,Subobturado
VI,27,Incisal,ninguna,4.07,limpia,Bulk,Con fibra de vidrio,1.0,89.84,14.24,3.39,Subobturado
VI,27,Incisal,ninguna,2.65,limpia,Bulk,Bulk,1.5,71.98,11.64,2.64,Equiobturado
VI,25,Incisal,ninguna,1.87,limpia,Bulk,Con fibra de vidrio,1.0,84.54,12.02,2.28,Sobreobturado
VI,6,Incisal,ninguna,2.76,con_tejido,Bulk,Fluida,3.5,73.97,9.91,1.98,Subobturado
VI,9,Incisal,ninguna,1.07,con_tejido,Estratificacion,Compuesta,2.0,53.35,1.49,0.89,Equiobturado
VI,27,Incisal,ninguna,1.85,con_tejido,Estratificacion,Compuesta,2.0,79.72,0.92,1.34,Subobturado
VI,25,Incisal,ninguna,1.63,limpia,Bulk,Fluida,3.5,66.12,6.82,0.73,Subobturado
VI,10,Incisal,ninguna,1.81,con_tejido,Estratificacion,Con fibra de vidrio,1.0,96.57,10.79,1.96,Equiobturado
VI,22,Incisal,ninguna,1.62,limpia,Bulk,Fluida,3.5,99.44,1.95,2.43,Sobreobturado
VI,9,Incisal,ninguna,1.65,limpia,Bulk,Compuesta,2.0,53.36,2.91,1.52,Subobturado
VI,25,Incisal,ninguna,1.65,limpia,Bulk,Bulk,1.5,63.67,10.72,1.63,Equiobturado
VI,6,Incisal,ninguna,1.78,con_tejido,Estratificacion,Compuesta,2.0,56.96,1.03,2.27,Sobreobturado
VI,11,Incisal,ninguna,2.35,limpia,Bulk,Fluida,3.5,78.98,4.85,3.04,Sobreobturado
VI,7,Incisal,ninguna,3.45,limpia,Estratificacion,Con fibra de vidrio,1.0,85.73,5.19,3.13,Subobturado
VI,24,Incisal,ninguna,2.66,con_tejido,Bulk,Bulk,1.5,74.71,9.78,3.38,Sobreobturado
VI,11,Incisal,ninguna,3.49,con_tejido,Estratificacion,Compuesta,2.0,72.27,6.62,2.69,Subobturado
VI,10,Incisal,ninguna,4.35,limpia,Bulk,Fluida,3.5,70.51,11.46,4.42,Sobreobturado
VI,6,Incisal,ninguna,2.31,limpia,Bulk,Con fibra de vidrio,1.0,54.32,6.5,1.75,Subobturado
VI,6,Incisal,ninguna,4.4,con_tejido,Estratificacion,Fluida,3.5,67.79,1.76,3.54,Subobturado
VI,10,Incisal,ninguna,1.18,con_tejido,Bulk,Con fibra de vidrio,1.0,87.11,1.93,0.73,Subobturado
VI,7,Incisal,ninguna,3.45,limpia,Bulk,Fluida,3.5,69.88,5.08,3.23,Subobturado
VI,25,Incisal,ninguna,4.42,con_tejido,Estratificacion,Con fibra de vidrio,1.0,76.76,12.61,4.07,Subobturado
VI,22,Incisal,ninguna,3.32,con_tejido,Bulk,Con fibra de vidrio,1.0,91.8,3.43,3.47,Equiobturado
VI,9,Incisal,ninguna,2.21,limpia,Bulk,Fluida,3.5,74.32,1.23,2.3,Equiobturado
VI,11,Incisal,ninguna,2.99,con_tejido,Bulk,Fluida,3.5,59.38,1.26,2.91,Subobturado
VI,8,Incisal,ninguna,4.13,con_tejido,Estratificacion,Fluida,3.5,58.82,11.61,3.56,Subobturado
VI,8,Incisal,ninguna,3.57,con_tejido,Bulk,Compuesta,2.0,74.33,8.48,3.38,Subobturado
VI,8,Incisal,ninguna,1.03,limpia,Estratificacion,Bulk,1.5,97.32,12.15,1.11,Sobreobturado
VI,6,Incisal,ninguna,3.79,limpia,Estratificacion,Bulk,1.5,77.41,3.98,3.13,Subobturado
VI,6,Incisal,ninguna,1.65,limpia,Estratificacion,Bulk,1.5,95.12,16.39,1.61,Equiobturado
VI,8,Incisal,ninguna,3.41,limpia,Bulk,Bulk,1.5,79.89,8.67,2.47,Subobturado
VI,25,Incisal,ninguna,4.4,limpia,Estratificacion,Fluida,3.5,90.99,13.5,5.32,Sobreobturado
VI,6,Incisal,ninguna,3.51,limpia,Bulk,Fluida,3.5,91.8,8.37,3.49,Subobturado
VI,11,Incisal,ninguna,1.66,limpia,Bulk,Compuesta,2.0,51.5,9.46,1.2,Subobturado
VI,11,Incisal,ninguna,2.27,con_tejido,Estratificacion,Compuesta,2.0,55.9,10.52,2.1,Equiobturado
VI,25,Incisal,ninguna,4.28,limpia,Bulk,Bulk,1.5,75.98,2.79,4.61,Sobreobturado
VI,25,Incisal,ninguna,2.83,con_tejido,Bulk,Fluida,3.5,66.01,12.58,2.99,Equiobturado
VI,23,Incisal,ninguna,1.64,con_tejido,Bulk,Bulk,1.5,98.2,10.7,1.75,Equiobturado
VI,9,Incisal,ninguna,2.85,con_tejido,Estratificacion,Bulk,1.5,57.57,8.87,3.17,Sobreobturado
VI,9,Incisal,ninguna,2.08,limpia,Bulk,Bulk,1.5,80.5,1.36,1.55,Subobturado
VI,9,Incisal,ninguna,3.55,limpia,Bulk,Bulk,1.5,63.29,2.7,2.84,Subobturado
VI,22,Incisal,ninguna,2.84,limpia,Estratificacion,Bulk,1.5,82.46,7.72,3.45,Sobreobturado
VI,22,Incisal,ninguna,3.16,con_tejido,Bulk,Con fibra de vidrio,1.0,62.32,6.49,3.26,Equiobturado
VI,9,Incisal,ninguna,4.44,limpia,Estratificacion,Bulk,1.5,55.15,6.53,4.37,Subobturado
VI,11,Incisal,ninguna,2.15,con_tejido,Bulk,Con fibra de vidrio,1.0,60.4,1.6,2.3,Sobreobturado
VI,8,Incisal,ninguna,2.35,con_tejido,Bulk,Compuesta,2.0,89.78,9.72,2.54,Equiobturado
VI,7,Incisal,ninguna,1.73,limpia,Estratificacion,Bulk,1.5,71.16,1.28,2.22,Sobreobturado
VI,11,Incisal,ninguna,4.25,limpia,Bulk,Bulk,1.5,81.46,3.26,4.39,Equiobturado
VI,8,Incisal,ninguna,1.3,limpia,Bulk,Bulk,1.5,53.19,6.72,0.68,Subobturado
VI,10,Incisal,ninguna,2.65,limpia,Bulk,Fluida,3.5,50.01,5.15,3.52,Sobreobturado
VI,10,Incisal,ninguna,3.38,con_tejido,Estratificacion,Compuesta,2.0,76.29,5.25,3.83,Sobreobturado
VI,7,Incisal,ninguna,3.61,con_tejido,Estratificacion,Con fibra de vidrio,1.0,50.64,0.3,3.5,Equiobturado
VI,23,Incisal,ninguna,4.03,con_tejido,Bulk,Con fibra de vidrio,1.0,71.82,12.67,4.13,Equiobturado
VI,7,Incisal,ninguna,2.98,con_tejido,Estratificacion,Fluida,3.5,53.48,8.93,2.12,Subobturado
VI,11,Incisal,ninguna,1.63,con_tejido,Bulk,Bulk,1.5,60.72,8.23,1.8,Equiobturado
VI,23,Incisal,ninguna,3.56,con_tejido,Estratificacion,Compuesta,2.0,76.28,1.98,3.02,Subobturado
VI,11,Incisal,ninguna,1.56,con_tejido,Estratificacion,Compuesta,2.0,77.91,11.08,2.22,Sobreobturado
VI,6,Incisal,ninguna,2.08,con_tejido,Estratificacion,Fluida,3.5,77.99,4.61,2.19,Equiobturado
VI,8,Incisal,ninguna,2.64,limpia,Bulk,Fluida,3.5,86.15,15.38,3.55,Sobreobturado
VI,11,Incisal,ninguna,2.51,con_tejido,Estratificacion,Con fibra de vidrio,1.0,78.27,14.0,2.38,Subobturado
VI,8,Incisal,ninguna,1.45,limpia,Bulk,Fluida,3.5,88.86,7.23,1.8,Sobreobturado
VI,25,Incisal,ninguna,3.68,con_tejido,Bulk,Fluida,3.5,60.94,12.1,3.49,Subobturado
VI,10,Incisal,ninguna,2.48,con_tejido,Estratificacion,Fluida,3.5,71.79,0.29,2.38,Equiobturado
VI,26,Incisal,ninguna,3.49,limpia,Estratificacion,Bulk,1.5,81.36,13.34,2.95,Subobturado
VI,26,Incisal,ninguna,4.46,limpia,Bulk,Bulk,1.5,86.5,10.38,4.24,Subobturado
VI,25,Incisal,ninguna,3.56,con_tejido,Bulk,Fluida,3.5,93.38,3.28,2.69,Subobturado
VI,27,Incisal,ninguna,2.47,con_tejido,Estratificacion,Bulk,1.5,92.47,10.47,1.66,Subobturado
VI,26,Incisal,ninguna,3.37,limpia,Estratificacion,Fluida,3.5,61.65,4.96,3.35,Equiobturado
VI,23,Incisal,ninguna,3.71,limpia,Estratificacion,Fluida,3.5,59.73,1.72,4.71,Sobreobturado
VI,27,Incisal,ninguna,2.88,con_tejido,Estratificacion,Bulk,1.5,57.05,0.75,2.65,Subobturado
VI,11,Incisal,ninguna,1.96,limpia,Estratificacion,Con fibra de vidrio,1.0,96.68,11.19,1.93,Subobturado
VI,11,Incisal,ninguna,1.34,con_tejido,Bulk,Fluida,3.5,67.29,1.02,0.86,Subobturado
VI,22,Incisal,ninguna,1.99,limpia,Bulk,Fluida,3.5,68.76,7.08,2.76,Sobreobturado
VI,6,Incisal,ninguna,3.0,limpia,Estratificacion,Fluida,3.5,57.55,6.08,2.88,Equiobturado
VI,25,Incisal,ninguna,3.01,con_tejido,Bulk,Fluida,3.5,94.15,11.34,2.86,Subobturado
VI,25,Incisal,ninguna,3.45,limpia,Estratificacion,Con fibra de vidrio,1.0,94.37,3.58,3.02,Subobturado
VI,26,Incisal,ninguna,3.07,limpia,Bulk,Fluida,3.5,93.35,6.27,3.14,Equiobturado
VI,26,Incisal,ninguna,2.97,con_tejido,Bulk,Con fibra de vidrio,1.0,59.11,4.96,2.21,Subobturado
VI,7,Incisal,ninguna,1.64,con_tejido,Bulk,Compuesta,2.0,82.69,13.7,2.31,Sobreobturado
VI,27,Incisal,ninguna,4.06,con_tejido,Bulk,Compuesta,2.0,90.24,8.94,4.16,Equiobturado
VI,10,Incisal,ninguna,3.17,limpia,Bulk,Compuesta,2.0,69.7,1.38,3.0,Equiobturado
VI,7,Incisal,ninguna,3.95,limpia,Estratificacion,Fluida,3.5,53.93,6.38,4.46,Sobreobturado
VI,10,Incisal,ninguna,4.01,limpia,Bulk,Bulk,1.5,67.58,5.26,3.2,Subobturado
VI,23,Incisal,ninguna,1.94,limpia,Bulk,Compuesta,2.0,89.81,17.38,1.79,Subobturado
VI,27,Incisal,ninguna,1.51,limpia,Bulk,Fluida,3.5,84.72,8.89,0.55,Subobturado
VI,9,Incisal,ninguna,2.94,limpia,Estratificacion,Con fibra de vidrio,1.0,98.52,2.73,3.82,Sobreobturado
VI,8,Incisal,ninguna,2.03,limpia,Estratificacion,Con fibra de vidrio,1.0,91.71,15.44,2.22,Sobreobturado
VI,8,Incisal,ninguna,2.79,con_tejido,Estratificacion,Compuesta,2.0,80.28,12.68,2.88,Sobreobturado
VI,9,Incisal,ninguna,2.87,con_tejido,Estratificacion,Bulk,1.5,71.02,5.62,2.83,Equiobturado
VI,23,Incisal,ninguna,3.77,limpia,Estratificacion,Con fibra de vidrio,1.0,82.31,2.67,3.49,Subobturado
VI,22,Incisal,ninguna,4.0,con_tejido,Estratificacion,Fluida,3.5,83.29,11.75,3.72,Subobturado
VI,7,Incisal,ninguna,1.47,con_tejido,Estratificacion,Bulk,1.5,62.93,5.74,0.54,Subobturado
VI,7,Incisal,ninguna,2.27,con_tejido,Bulk,Compuesta,2.0,61.62,3.83,1.8,Subobturado
VI,10,Incisal,ninguna,3.14,limpia,Estratificacion,Con fibra de vidrio,1.0,94.26,6.93,2.9,Subobturado
VI,27,Incisal,ninguna,2.1,con_tejido,Bulk,Compuesta,2.0,61.11,3.67,2.21,Equiobturado
VI,26,Incisal,ninguna,4.38,limpia,Bulk,Con fibra de vidrio,1.0,70.16,0.19,4.34,Equiobturado
VI,22,Incisal,ninguna,1.64,con_tejido,Estratificacion,Fluida,3.5,80.93,11.26,1.69,Equiobturado
VI,23,Incisal,ninguna,2.72,con_tejido,Bulk,Compuesta,2.0,89.08,6.61,3.14,Sobreobturado
VI,24,Incisal,ninguna,3.86,con_tejido,Bulk,Fluida,3.5,58.19,10.47,3.95,Sobreobturado
VI,11,Incisal,ninguna,1.56,limpia,Bulk,Bulk,1.5,51.87,0.45,2.06,Sobreobturado
VI,23,Incisal,ninguna,4.47,limpia,Bulk,Bulk,1.5,94.37,7.58,4.58,Equiobturado
VI,11,Incisal,ninguna,3.33,limpia,Bulk,Bulk,1.5,79.11,2.1,3.22,Equiobturado
VI,6,Incisal,ninguna,4.41,limpia,Estratificacion,Bulk,1.5,89.01,5.83,5.08,Sobreobturado
VI,6,Incisal,ninguna,3.54,con_tejido,Bulk,Compuesta,2.0,75.03,4.25,3.96,Sobreobturado
VI,11,Incisal,ninguna,3.43,con_tejido,Estratificacion,Bulk,1.5,87.47,14.68,2.84,Subobturado
VI,27,Incisal,ninguna,4.44,con_tejido,Estratificacion,Compuesta,2.0,56.94,7.82,5.02,Sobreobturado
VI,22,Incisal,ninguna,4.15,con_tejido,Bulk,Compuesta,2.0,79.16,11.88,4.04,Equiobturado
VI,22,Incisal,ninguna,3.03,limpia,Bulk,Compuesta,2.0,83.46,4.64,3.03,Equiobturado
VI,9,Incisal,ninguna,3.8,limpia,Estratificacion,Con fibra de vidrio,1.0,80.4,9.38,3.23,Subobturado
VI,9,Incisal,ninguna,1.63,limpia,Bulk,Bulk,1.5,57.27,6.03,1.45,Equiobturado
VI,8,Incisal,ninguna,1.9,con_tejido,Bulk,Compuesta,2.0,51.61,6.01,2.12,Sobreobturado
VI,24,Incisal,ninguna,3.75,limpia,Bulk,Compuesta,2.0,55.24,8.77,3.67,Equiobturado
VI,24,Incisal,ninguna,3.52,limpia,Bulk,Fluida,3.5,88.46,0.34,2.62,Subobturado
VI,27,Incisal,ninguna,3.03,limpia,Bulk,Con fibra de vidrio,1.0,68.42,10.25,2.87,Equiobturado
VI,27,Incisal,ninguna,2.65,con_tejido,Estratificacion,Con fibra de vidrio,1.0,65.43,7.83,2.49,Equiobturado
VI,24,Incisal,ninguna,4.04,con_tejido,Bulk,Fluida,3.5,85.45,14.79,4.92,Sobreobturado
VI,10,Incisal,ninguna,1.75,con_tejido,Estratificacion,Con fibra de vidrio,1.0,98.95,0.99,2.66,Sobreobturado
VI,9,Incisal,ninguna,2.34,con_tejido,Bulk,Fluida,3.5,83.96,11.48,2.52,Equiobturado
VI,24,Incisal,ninguna,4.48,con_tejido,Bulk,Compuesta,2.0,93.62,8.33,5.17,Sobreobturado
VI,10,Incisal,ninguna,3.29,con_tejido,Bulk,Bulk,1.5,67.61,1.71,4.24,Sobreobturado
VI,23,Incisal,ninguna,3.69,limpia,Bulk,Con fibra de vidrio,1.0,87.66,6.98,3.88,Equiobturado
VI,7,Incisal,ninguna,2.16,limpia,Bulk,Compuesta,2.0,88.28,16.7,2.18,Equiobturado
VI,22,Incisal,ninguna,2.85,limpia,Bulk,Con fibra de vidrio,1.0,57.36,5.33,2.12,Subobturado
VI,26,Incisal,ninguna,4.08,limpia,Estratificacion,Fluida,3.5,92.82,11.24,4.27,Equiobturado
VI,26,Incisal,ninguna,2.77,limpia,Estratificacion,Fluida,3.5,83.53,6.0,2.89,Equiobturado
VI,7,Incisal,ninguna,4.14,con_tejido,Bulk,Fluida,3.5,59.27,2.14,4.29,Equiobturado
VI,7,Incisal,ninguna,1.37,limpia,Estratificacion,Fluida,3.5,71.79,11.33,1.44,Equiobturado
VI,23,Incisal,ninguna,1.62,con_tejido,Estratificacion,Con fibra de vidrio,1.0,96.7,7.5,1.09,Subobturado
VI,10,Incisal,ninguna,1.78,con_tejido,Estratificacion,Con fibra de vidrio,1.0,75.82,11.63,1.85,Equiobturado
VI,11,Incisal,ninguna,4.06,con_tejido,Bulk,Bulk,1.5,95.39,11.95,3.28,Subobturado
VI,23,Incisal,ninguna,3.75,limpia,Estratificacion,Con fibra de vidrio,1.0,54.53,4.33,4.67,Sobreobturado
VI,8,Incisal,ninguna,2.07,limpia,Estratificacion,Con fibra de vidrio,1.0,83.73,15.26,2.75,Sobreobturado
VI,10,Incisal,ninguna,1.9,limpia,Estratificacion,Bulk,1.5,70.34,13.12,1.59,Subobturado
VI,8,Incisal,ninguna,2.64,con_tejido,Estratificacion,Fluida,3.5,53.4,3.29,2.72,Equiobturado
VI,22,Incisal,ninguna,4.2,con_tejido,Bulk,Fluida,3.5,61.34,5.05,4.24,Sobreobturado
VI,24,Incisal,ninguna,2.48,con_tejido,Bulk,Con fibra de vidrio,1.0,74.08,8.11,2.67,Equiobturado
VI,8,Incisal,ninguna,3.84,con_tejido,Bulk,Bulk,1.5,50.5,0.12,3.9,Equiobturado
VI,7,Incisal,ninguna,1.3,con_tejido,Bulk,Fluida,3.5,94.73,10.97,1.71,Sobreobturado
VI,9,Incisal,ninguna,1.93,con_tejido,Bulk,Compuesta,2.0,74.61,4.28,1.11,Subobturado
VI,7,Incisal,ninguna,2.13,con_tejido,Bulk,Fluida,3.5,92.04,0.86,2.91,Sobreobturado
VI,24,Incisal,ninguna,4.08,con_tejido,Bulk,Compuesta,2.0,58.28,5.77,4.19,Equiobturado
VI,11,Incisal,ninguna,4.43,con_tejido,Bulk,Bulk,1.5,78.41,1.23,4.43,Equiobturado
VI,24,Incisal,ninguna,1.36,limpia,Estratificacion,Fluida,3.5,86.63,0.11,1.06,Subobturado
VI,22,Incisal,ninguna,1.9,limpia,Bulk,Bulk,1.5,94.14,1.72,2.09,Sobreobturado
VI,23,Incisal,ninguna,4.29,limpia,Bulk,Compuesta,2.0,87.48,4.02,4.37,Equiobturado
VI,24,Incisal,ninguna,2.31,limpia,Estratificacion,Con fibra de vidrio,1.0,62.61,11.49,2.59,Sobreobturado
VI,11,Incisal,ninguna,4.33,con_tejido,Bulk,Compuesta,2.0,92.61,4.84,4.8,Sobreobturado
VI,27,Incisal,ninguna,2.08,con_tejido,Estratificacion,Compuesta,2.0,60.75,11.6,1.39,Subobturado
VI,9,Incisal,ninguna,1.14,limpia,Estratificacion,Fluida,3.5,54.23,2.62,1.28,Sobreobturado
VI,25,Incisal,ninguna,1.29,limpia,Estratificacion,Con fibra de vidrio,1.0,73.05,6.66,1.1,Equiobturado
VI,24,Incisal,ninguna,4.45,con_tejido,Bulk,Compuesta,2.0,73.2,8.67,3.83,Subobturado
VI,7,Incisal,ninguna,3.74,limpia,Bulk,Con fibra de vidrio,1.0,63.7,4.16,3.68,Equiobturado
VI,25,Incisal,ninguna,3.63,con_tejido,Estratificacion,Con fibra de vidrio,1.0,59.18,4.35,3.83,Equiobturado
VI,7,Incisal,ninguna,2.27,con_tejido,Estratificacion,Fluida,3.5,83.06,0.73,1.65,Subobturado
VI,26,Incisal,ninguna,2.33,con_tejido,Estratificacion,Fluida,3.5,64.26,11.59,1.39,Subobturado
VI,22,Incisal,ninguna,3.13,con_tejido,Estratificacion,Con fibra de vidrio,1.0,87.2,16.02,3.28,Equiobturado
VI,22,Incisal,ninguna,2.91,limpia,Estratificacion,Bulk,1.5,81.26,4.11,3.9,Sobreobturado
VI,22,Incisal,ninguna,3.01,limpia,Bulk,Bulk,1.5,92.73,18.14,3.46,Sobreobturado
VI,22,Incisal,ninguna,2.63,limpia,Bulk,Con fibra de vidrio,1.0,71.89,0.44,2.54,Equiobturado
VI,26,Incisal,ninguna,4.09,limpia,Estratificacion,Fluida,3.5,88.48,6.51,4.09,Equiobturado
VI,23,Incisal,ninguna,3.95,limpia,Bulk,Con fibra de vidrio,1.0,99.01,13.86,4.34,Sobreobturado
VI,23,Incisal,ninguna,1.59,limpia,Bulk,Bulk,1.5,77.2,2.07,1.49,Equiobturado
VI,10,Incisal,ninguna,3.16,con_tejido,Bulk,Compuesta,2.0,71.64,4.17,3.68,Sobreobturado
VI,7,Incisal,ninguna,1.17,limpia,Estratificacion,Fluida,3.5,78.49,10.34,1.65,Sobreobturado
VI,22,Incisal,ninguna,1.53,con_tejido,Estratificacion,Con fibra de vidrio,1.0,52.12,7.2,1.82,Sobreobturado
VI,8,Incisal,ninguna,4.3,limpia,Estratificacion,Con fibra de vidrio,1.0,79.89,11.93,3.66,Subobturado
VI,23,Incisal,ninguna,2.08,limpia,Bulk,Compuesta,2.0,83.47,8.79,1.76,Subobturado
VI,9,Incisal,ninguna,1.69,con_tejido,Estratificacion,Con fibra de vidrio,1.0,96.29,17.92,1.27,Subobturado
VI,23,Incisal,ninguna,2.61,limpia,Bulk,Bulk,1.5,97.34,6.08,3.38,Sobreobturado
VI,8,Incisal,ninguna,3.15,con_tejido,Bulk,Compuesta,2.0,60.97,9.41,3.9,Sobreobturado
VI,11,Incisal,ninguna,4.39,con_tejido,Bulk,Compuesta,2.0,98.05,1.71,3.7,Subobturado
VI,8,Incisal,ninguna,4.15,con_tejido,Estratificacion,Fluida,3.5,88.98,5.05,4.97,Sobreobturado
VI,25,Incisal,ninguna,3.48,limpia,Bulk,Con fibra de vidrio,1.0,71.55,0.14,4.45,Sobreobturado
VI,26,Incisal,ninguna,2.76,limpia,Estratificacion,Con fibra de vidrio,1.0,74.16,6.35,2.61,Equiobturado
VI,25,Incisal,ninguna,2.3,con_tejido,Estratificacion,Bulk,1.5,61.45,7.54,2.22,Equiobturado
VI,11,Incisal,ninguna,1.06,limpia,Bulk,Bulk,1.5,70.91,14.1,1.34,Sobreobturado
VI,24,Incisal,ninguna,4.3,limpia,Estratificacion,Compuesta,2.0,95.42,0.7,5.18,Sobreobturado
VI,7,Incisal,ninguna,1.97,limpia,Bulk,Fluida,3.5,70.95,1.22,0.99,Subobturado
VI,8,Incisal,ninguna,3.54,limpia,Bulk,Bulk,1.5,95.52,16.38,3.29,Subobturado
VI,27,Incisal,ninguna,1.13,limpia,Estratificacion,Con fibra de vidrio,1.0,81.56,4.65,0.32,Subobturado
VI,25,Incisal,ninguna,4.11,con_tejido,Estratificacion,Fluida,3.5,54.13,9.61,4.18,Sobreobturado
VI,10,Incisal,ninguna,2.96,con_tejido,Estratificacion,Fluida,3.5,96.52,12.55,3.11,Equiobturado
VI,23,Incisal,ninguna,1.96,con_tejido,Bulk,Con fibra de vidrio,1.0,50.18,3.56,2.21,Sobreobturado
VI,22,Incisal,ninguna,2.14,con_tejido,Bulk,Fluida,3.5,78.13,14.06,1.81,Subobturado
VI,27,Incisal,ninguna,3.7,limpia,Bulk,Fluida,3.5,65.33,5.58,4.21,Sobreobturado
VI,26,Incisal,ninguna,1.53,con_tejido,Bulk,Fluida,3.5,81.62,9.83,1.68,Equiobturado
VI,8,Incisal,ninguna,3.31,limpia,Bulk,Compuesta,2.0,53.82,3.03,3.37,Equiobturado
VI,27,Incisal,ninguna,1.9,limpia,Estratificacion,Con fibra de vidrio,1.0,97.97,1.0,2.46,Sobreobturado
VI,23,Incisal,ninguna,1.15,limpia,Estratificacion,Compuesta,2.0,71.62,11.5,1.23,Equiobturado
VI,8,Incisal,ninguna,3.62,limpia,Bulk,Fluida,3.5,89.43,17.3,2.93,Subobturado
VI,24,Incisal,ninguna,4.29,limpia,Bulk,Compuesta,2.0,61.69,12.33,4.09,Subobturado
VI,7,Incisal,ninguna,3.9,limpia,Bulk,Fluida,3.5,81.7,13.13,3.81,Equiobturado
VI,10,Incisal,ninguna,1.1,con_tejido,Bulk,Con fibra de vidrio,1.0,65.91,7.81,0.38,Subobturado
VI,6,Incisal,ninguna,2.94,con_tejido,Estratificacion,Compuesta,2.0,85.49,5.44,3.71,Sobreobturado
VI,6,Incisal,ninguna,4.48,con_tejido,Estratificacion,Fluida,3.5,58.92,2.8,5.46,Sobreobturado
VI,27,Incisal,ninguna,1.43,con_tejido,Bulk,Con fibra de vidrio,1.0,88.32,0.53,0.78,Subobturado
VI,27,Incisal,ninguna,4.16,limpia,Bulk,Compuesta,2.0,57.42,0.36,3.99,Equiobturado
VI,23,Incisal,ninguna,2.48,con_tejido,Estratificacion,Con fibra de vidrio,1.0,64.3,10.56,2.6,Sobreobturado
VI,11,Incisal,ninguna,3.7,con_tejido,Estratificacion,Con fibra de vidrio,1.0,51.09,4.57,3.99,Sobreobturado
VI,22,Incisal,ninguna,1.23,con_tejido,Bulk,Bulk,1.5,83.97,5.88,1.2,Subobturado
VI,25,Incisal,ninguna,4.21,con_tejido,Estratificacion,Con fibra de vidrio,1.0,90.78,5.62,3.76,Subobturado
VI,23,Incisal,ninguna,3.36,limpia,Estratificacion,Con fibra de vidrio,1.0,99.21,6.14,3.34,Subobturado
VI,8,Incisal,ninguna,4.0,con_tejido,Bulk,Bulk,1.5,51.29,0.24,3.05,Subobturado
VI,22,Incisal,ninguna,3.26,limpia,Estratificacion,Bulk,1.5,65.51,8.02,2.78,Subobturado
VI,24,Incisal,ninguna,1.44,con_tejido,Estratificacion,Fluida,3.5,60.67,12.07,0.89,Subobturado
VI,9,Incisal,ninguna,3.16,con_tejido,Bulk,Fluida,3.5,69.21,13.01,2.51,Subobturado
VI,24,Incisal,ninguna,3.46,limpia,Estratificacion,Fluida,3.5,90.81,3.65,3.5,Equiobturado
VI,27,Incisal,ninguna,4.15,limpia,Bulk,Bulk,1.5,99.11,9.45,4.11,Equiobturado
VI,23,Incisal,ninguna,1.82,con_tejido,Bulk,Con fibra de vidrio,1.0,82.35,7.38,2.56,Sobreobturado
VI,24,Incisal,ninguna,2.28,con_tejido,Estratificacion,Compuesta,2.0,77.29,3.33,2.27,Equiobturado
VI,10,Incisal,ninguna,1.42,limpia,Bulk,Fluida,3.5,64.84,11.4,2.19,Sobreobturado
VI,25,Incisal,ninguna,2.44,limpia,Estratificacion,Con fibra de vidrio,1.0,94.91,2.38,2.53,Equiobturado
VI,25,Incisal,ninguna,3.69,con_tejido,Bulk,Fluida,3.5,86.5,16.06,3.85,Equiobturado
VI,22,Incisal,ninguna,1.82,con_tejido,Estratificacion,Compuesta,2.0,89.77,17.13,2.01,Equiobturado
VI,10,Incisal,ninguna,4.32,limpia,Estratificacion,Fluida,3.5,95.53,8.57,5.21,Sobreobturado
VI,24,Incisal,ninguna,2.2,con_tejido,Bulk,Bulk,1.5,85.09,1.17,2.44,Sobreobturado
VI,24,Incisal,ninguna,1.89,con_tejido,Estratificacion,Fluida,3.5,90.68,12.68,1.9,Sobreobturado
VI,26,Incisal,ninguna,2.26,con_tejido,Bulk,Fluida,3.5,95.88,1.31,2.55,Sobreobturado
VI,26,Incisal,ninguna,1.8,con_tejido,Bulk,Con fibra de vidrio,1.0,57.22,6.6,1.97,Equiobturado
VI,8,Incisal,ninguna,1.74,limpia,Estratificacion,Compuesta,2.0,82.72,15.25,1.58,Equiobturado
VI,6,Incisal,ninguna,1.87,limpia,Bulk,Con fibra de vidrio,1.0,58.38,6.19,1.7,Equiobturado
VI,10,Incisal,ninguna,2.26,con_tejido,Bulk,Fluida,3.5,58.53,3.81,2.38,Equiobturado
VI,9,Incisal,ninguna,2.1,con_tejido,Bulk,Con fibra de vidrio,1.0,57.59,1.48,1.48,Subobturado
VI,9,Incisal,ninguna,1.56,con_tejido,Estratificacion,Bulk,1.5,60.27,11.32,1.84,Sobreobturado
VI,27,Incisal,ninguna,1.72,limpia,Bulk,Con fibra de vidrio,1.0,58.83,6.03,1.8,Sobreobturado
VI,6,Incisal,ninguna,2.56,limpia,Bulk,Con fibra de vidrio,1.0,51.05,8.18,2.75,Equiobturado
VI,26,Incisal,ninguna,1.01,con_tejido,Bulk,Con fibra de vidrio,1.0,86.96,17.04,1.07,Equiobturado
VI,26,Incisal,ninguna,1.68,limpia,Estratificacion,Fluida,3.5,58.09,1.68,1.2,Subobturado
VI,25,Incisal,ninguna,1.4,limpia,Estratificacion,Compuesta,2.0,83.29,14.63,1.31,Equiobturado
VI,6,Incisal,ninguna,1.98,limpia,Bulk,Con fibra de vidrio,1.0,82.41,3.4,1.93,Equiobturado
VI,25,Incisal,ninguna,1.89,con_tejido,Bulk,Bulk,1.5,55.25,4.08,1.85,Equiobturado
VI,22,Incisal,ninguna,2.09,con_tejido,Bulk,Bulk,1.5,73.6,13.75,2.04,Subobturado
VI,24,Incisal,ninguna,1.27,con_tejido,Estratificacion,Con fibra de vidrio,1.0,51.02,3.06,1.45,Equiobturado
VI,27,Incisal,ninguna,3.02,limpia,Estratificacion,Bulk,1.5,74.26,13.99,3.45,Sobreobturado
VI,6,Incisal,ninguna,2.26,con_tejido,Estratificacion,Con fibra de vidrio,1.0,56.46,7.61,1.67,Subobturado
VI,26,Incisal,ninguna,1.83,limpia,Estratificacion,Fluida,3.5,90.14,16.75,1.7,Equiobturado
VI,9,Incisal,ninguna,2.4,limpia,Bulk,Compuesta,2.0,58.7,4.49,2.29,Equiobturado
VI,9,Incisal,ninguna,3.71,con_tejido,Bulk,Bulk,1.5,54.28,3.86,3.59,Equiobturado
VI,26,Incisal,ninguna,4.48,limpia,Estratificacion,Compuesta,2.0,98.51,13.85,3.78,Subobturado
VI,23,Incisal,ninguna,1.7,con_tejido,Bulk,Con fibra de vidrio,1.0,66.4,5.57,2.38,Sobreobturado
VI,6,Incisal,ninguna,4.31,con_tejido,Estratificacion,Fluida,3.5,65.23,0.83,4.64,Sobreobturado
VI,9,Incisal,ninguna,3.29,limpia,Bulk,Fluida,3.5,87.26,12.71,2.95,Subobturado
VI,7,Incisal,ninguna,2.77,con_tejido,Bulk,Compuesta,2.0,53.28,5.22,2.96,Equiobturado
VI,6,Incisal,ninguna,2.98,limpia,Estratificacion,Bulk,1.5,86.79,8.69,2.83,Equiobturado
VI,24,Incisal,ninguna,2.86,con_tejido,Estratificacion,Bulk,1.5,53.6,1.33,2.89,Equiobturado
VI,9,Incisal,ninguna,4.01,con_tejido,Bulk,Fluida,3.5,95.49,2.52,4.36,Sobreobturado
VI,27,Incisal,ninguna,3.9,limpia,Bulk,Fluida,3.5,97.18,17.01,4.02,Sobreobturado
VI,23,Incisal,ninguna,2.74,con_tejido,Estratificacion,Compuesta,2.0,98.28,11.94,2.65,Subobturado
VI,10,Incisal,ninguna,1.03,con_tejido,Bulk,Fluida,3.5,86.69,11.32,1.09,Sobreobturado
VI,7,Incisal,ninguna,4.48,limpia,Estratificacion,Compuesta,2.0,94.1,13.76,5.42,Sobreobturado
VI,8,Incisal,ninguna,4.06,limpia,Estratificacion,Con fibra de vidrio,1.0,94.16,10.01,4.8,Sobreobturado
VI,22,Incisal,ninguna,3.25,limpia,Bulk,Con fibra de vidrio,1.0,72.73,0.39,3.28,Equiobturado
VI,9,Incisal,ninguna,3.42,con_tejido,Bulk,Fluida,3.5,62.91,10.1,3.95,Sobreobturado
VI,23,Incisal,ninguna,1.92,limpia,Estratificacion,Compuesta,2.0,68.52,4.23,2.05,Equiobturado
VI,22,Incisal,ninguna,1.92,limpia,Estratificacion,Compuesta,2.0,51.84,4.05,1.87,Equiobturado
VI,24,Incisal,ninguna,2.22,limpia,Bulk,Bulk,1.5,88.84,3.63,2.8,Sobreobturado
VI,6,Incisal,ninguna,3.24,limpia,Bulk,Compuesta,2.0,51.33,6.4,3.12,Equiobturado
VI,26,Incisal,ninguna,3.26,limpia,Bulk,Bulk,1.5,61.37,0.81,3.28,Equiobturado
VI,11,Incisal,ninguna,1.02,con_tejido,Estratificacion,Con fibra de vidrio,1.0,89.9,15.22,1.57,Sobreobturado
VI,6,Incisal,ninguna,4.13,limpia,Bulk,Fluida,3.5,77.73,6.9,3.28,Subobturado
VI,10,Incisal,ninguna,2.21,con_tejido,Bulk,Fluida,3.5,54.64,8.83,2.1,Equiobturado
VI,23,Incisal,ninguna,1.58,con_tejido,Bulk,Con fibra de vidrio,1.0,51.6,2.66,1.24,Subobturado
VI,7,Incisal,ninguna,2.16,con_tejido,Bulk,Bulk,1.5,62.59,7.51,2.08,Equiobturado
VI,27,Incisal,ninguna,1.83,con_tejido,Estratificacion,Con fibra de vidrio,1.0,87.69,12.54,1.75,Equiobturado
VI,26,Incisal,ninguna,4.23,con_tejido,Estratificacion,Bulk,1.5,83.23,0.19,4.33,Equiobturado
VI,7,Incisal,ninguna,3.27,limpia,Estratificacion,Compuesta,2.0,86.83,11.34,2.9,Subobturado
VI,7,Incisal,ninguna,2.91,con_tejido,Estratificacion,Fluida,3.5,64.02,12.08,3.58,Sobreobturado
VI,24,Incisal,ninguna,1.44,con_tejido,Bulk,Con fibra de vidrio,1.0,54.97,3.37,0.66,Subobturado
VI,10,Incisal,ninguna,2.12,limpia,Bulk,Fluida,3.5,70.76,3.94,2.19,Sobreobturado
VI,27,Incisal,ninguna,3.13,limpia,Estratificacion,Bulk,1.5,89.4,17.56,4.11,Sobreobturado
VI,22,Incisal,ninguna,1.28,limpia,Estratificacion,Con fibra de vidrio,1.0,82.06,5.1,0.61,Subobturado
VI,26,Incisal,ninguna,4.22,con_tejido,Bulk,Compuesta,2.0,55.71,5.05,5.16,Sobreobturado
VI,26,Incisal,ninguna,3.99,limpia,Bulk,Bulk,1.5,93.84,13.63,3.41,Subobturado
VI,6,Incisal,ninguna,4.32,con_tejido,Estratificacion,Fluida,3.5,68.69,5.12,4.27,Equiobturado
VI,11,Incisal,ninguna,1.4,con_tejido,Bulk,Fluida,3.5,52.81,2.31,1.59,Equiobturado
VI,26,Incisal,ninguna,1.14,limpia,Estratificacion,Bulk,1.5,87.89,0.7,0.19,Subobturado
VI,10,Incisal,ninguna,2.3,con_tejido,Estratificacion,Fluida,3.5,70.72,10.61,1.52,Subobturado
VI,25,Incisal,ninguna,3.15,con_tejido,Estratificacion,Bulk,1.5,91.21,5.98,2.57,Subobturado
VI,9,Incisal,ninguna,2.84,limpia,Estratificacion,Bulk,1.5,62.28,6.33,1.88,Subobturado
VI,10,Incisal,ninguna,3.95,limpia,Bulk,Fluida,3.5,64.25,10.04,4.23,Sobreobturado
VI,11,Incisal,ninguna,4.49,limpia,Estratificacion,Bulk,1.5,51.5,0.69,3.78,Subobturado
VI,24,Incisal,ninguna,3.62,limpia,Bulk,Compuesta,2.0,96.65,15.6,3.55,Subobturado
VI,26,Incisal,ninguna,4.4,con_tejido,Bulk,Con fibra de vidrio,1.0,56.14,8.01,3.97,Subobturado
VI,24,Incisal,ninguna,3.55,limpia,Bulk,Con fibra de vidrio,1.0,75.24,2.45,2.9,Subobturado
VI,10,Incisal,ninguna,2.9,con_tejido,Estratificacion,Con fibra de vidrio,1.0,90.64,2.11,3.71,Sobreobturado
VI,24,Incisal,ninguna,3.04,limpia,Estratificacion,Bulk,1.5,59.57,6.81,2.27,Subobturado
VI,27,Incisal,ninguna,2.37,con_tejido,Estratificacion,Compuesta,2.0,76.97,13.24,2.36,Equiobturado
VI,6,Incisal,ninguna,4.08,con_tejido,Estratificacion,Fluida,3.5,69.85,7.74,3.38,Subobturado
VI,6,Incisal,ninguna,3.69,limpia,Estratificacion,Con fibra de vidrio,1.0,72.85,3.68,2.78,Subobturado
VI,26,Incisal,ninguna,3.79,limpia,Bulk,Con fibra de vidrio,1.0,83.37,9.73,4.44,Sobreobturado
VI,8,Incisal,ninguna,4.27,con_tejido,Estratificacion,Compuesta,2.0,66.22,2.05,3.33,Subobturado
VI,27,Incisal,ninguna,2.9,limpia,Bulk,Bulk,1.5,71.84,7.88,1.91,Subobturado
VI,7,Incisal,ninguna,1.14,con_tejido,Bulk,Con fibra de vidrio,1.0,90.59,15.79,1.25,Sobreobturado
VI,8,Incisal,ninguna,3.0,con_tejido,Bulk,Con fibra de vidrio,1.0,54.45,4.94,3.18,Sobreobturado
VI,9,Incisal,ninguna,2.63,con_tejido,Bulk,Fluida,3.5,52.18,10.03,2.98,Sobreobturado
VI,25,Incisal,ninguna,1.86,con_tejido,Bulk,Con fibra de vidrio,1.0,62.33,11.14,1.97,Equiobturado
VI,11,Incisal,ninguna,4.04,con_tejido,Estratificacion,Fluida,3.5,58.86,8.56,4.37,Sobreobturado
